{
  "results": [
    {
      "config": "권장 (1000/200), k=5",
      "context_precision": 0.7023611110696539,
      "context_recall": 1.0,
      "avg_score": 0.851180555534827
    },
    {
      "config": "권장 (1000/200), k=3",
      "context_precision": 0.6916666666220833,
      "context_recall": 0.9,
      "avg_score": 0.7958333333110417
    },
    {
      "config": "현재 (500/50), k=5",
      "context_precision": 0.5529166666378299,
      "context_recall": 1.0,
      "avg_score": 0.776458333318915
    },
    {
      "config": "현재 (500/50), k=3",
      "context_precision": 0.5583333332929166,
      "context_recall": 0.8,
      "avg_score": 0.6791666666464583
    }
  ],
  "best_config": {
    "name": "권장 (1000/200), k=5",
    "context_precision": 0.7023611110696539,
    "context_recall": 1.0,
    "avg_score": 0.851180555534827
  }
}